rep,n,runtime
1,2,4.161311388015747
1,3,11.633972644805908
1,4,12.868263721466064
1,5,15.745532751083374
1,6,19.774477243423462
1,8,26.753652811050415
1,10,40.646772384643555
1,12,54.41803598403931
1,16,84.6794764995575
1,20,199.1376347541809
1,25,250.9927129745483
1,32,369.47823452949524
1,40,506.57519817352295
1,50,802.898907661438
1,64,1262.3233301639557
1,80,1443.9149730205536
1,101,2310.720042705536
1,128,3761.754786729812
2,2,4.222856283187866
2,3,6.145115852355957
2,4,9.27118706703186
2,5,13.517909526824951
2,6,15.083822011947632
2,8,22.557445526123047
2,10,38.07936978340149
2,12,42.40025973320007
2,16,71.43815970420837
2,20,123.58572602272032
2,25,171.9513702392578
2,32,266.70390033721924
2,40,470.8063123226166
2,50,673.2609887123108
2,64,959.4768514633179
2,80,1423.0954191684723
2,101,2285.486647605896
2,128,3710.6383485794067
3,2,2.892458915710449
3,3,5.412317752838135
3,4,7.69677209854126
3,5,10.676001787185669
3,6,15.158703804016113
3,8,19.24209427833557
3,10,38.17500710487366
3,12,43.5401656627655
3,16,76.92129945755005
3,20,121.43286585807802
3,25,165.14780473709106
3,32,351.96289253234863
3,40,560.0183062553406
3,50,781.605797290802
3,64,1140.8116762638092
3,80,1556.828011751175
3,101,2305.2197210788727
3,128,3796.8585920333867
4,2,4.068315267562866
4,3,6.767955541610718
4,4,10.445393562316895
4,5,13.866819143295288
4,6,12.133424520492554
4,8,19.886895895004272
4,10,26.935420274734497
4,12,35.70715355873108
4,16,79.38362002372742
4,20,100.2632269859314
4,25,153.2069456577301
4,32,260.233247756958
4,40,463.01117873191833
4,50,686.1176402568817
4,64,891.910977602005
4,80,1282.5094876289368
4,101,2173.5703241825104
4,128,3651.2315731048584
5,2,4.031429290771484
5,3,7.8894264698028564
5,4,10.105815172195435
5,5,13.730622053146362
5,6,14.271422624588013
5,8,29.62282085418701
5,10,31.76227617263794
5,12,51.084646224975586
5,16,50.0781524181366
5,20,103.51825022697449
5,25,157.53517174720764
5,32,216.30801010131836
5,40,316.4830000400543
5,50,448.9548327922821
5,64,646.1101307868958
5,80,1104.34414601326
5,101,1711.163821697235
5,128,4593.978232622147
6,2,5.48030161857605
6,3,7.877285003662109
6,4,11.19978642463684
6,5,16.683528423309326
6,6,18.421335697174072
6,8,28.03521156311035
6,10,42.016255140304565
6,12,46.769973039627075
6,16,83.69904351234436
6,20,126.84945392608643
6,25,199.6681740283966
6,32,282.46074414253235
6,40,387.44077467918396
6,50,592.0058155059814
6,64,917.9103317260742
6,80,1319.5291392803192
6,101,2155.7617037296295
6,128,3949.4202868938446
7,2,4.93601131439209
7,3,7.394808053970337
7,4,8.689574956893921
7,5,11.413840532302856
7,6,20.343260526657104
7,8,30.581148386001587
7,10,33.63258385658264
7,12,35.87649345397949
7,16,56.475794553756714
7,20,99.15347099304199
7,25,186.9602313041687
7,32,278.28419041633606
7,40,378.38477206230164
7,50,591.9835729598999
7,64,938.4182200431824
7,80,1344.4855420589447
7,101,2175.717940092087
7,128,2841.2472479343414
8,2,3.6129698753356934
8,3,5.006119012832642
8,4,7.043138742446899
8,5,8.780965328216553
8,6,12.651806354522705
8,8,25.30918860435486
8,10,32.50174593925476
8,12,35.60961604118347
8,16,99.60126829147339
8,20,148.1477816104889
8,25,274.8533492088318
8,32,375.59825110435486
8,40,599.606338262558
8,50,768.2903938293457
8,64,1218.6524403095245
8,80,1635.8544206619263
8,101,2194.7859721183777
8,128,3524.796895265579
9,2,5.142635107040405
9,3,6.438155651092529
9,4,9.395010471343994
9,5,15.874794483184814
9,6,17.505091667175293
9,8,20.56750798225403
9,10,28.94763946533203
9,12,47.9002640247345
9,16,54.615090131759644
9,20,94.8722927570343
9,25,187.48368668556213
9,32,266.91885590553284
9,40,414.4781153202057
9,50,553.6874339580536
9,64,966.4058611392976
9,80,1544.100827217102
9,101,2195.9078817367554
9,128,3678.15452504158
10,2,3.6186347007751465
10,3,6.035909414291382
10,4,9.687373399734497
10,5,12.943343162536621
10,6,20.433717727661133
10,8,22.445229530334473
10,10,35.853893518447876
10,12,38.817824363708496
10,16,73.17171359062195
10,20,104.5216372013092
10,25,147.02835273742676
10,32,206.09488487243652
10,40,312.0904622077942
10,50,410.8198766708374
10,64,655.8244104385376
10,80,950.7601099014282
10,101,1702.8580014705658
10,128,4763.519957065582
11,2,4.428782224655151
11,3,6.61462664604187
11,4,9.793541669845581
11,5,13.225956916809082
11,6,15.0011887550354
11,8,28.453661680221558
11,10,46.76833128929138
11,12,52.327797174453735
11,16,99.51012349128723
11,20,129.64824390411377
11,25,202.7283799648285
11,32,279.2779939174652
11,40,404.19244384765625
11,50,563.2461111545563
11,64,848.1441051959991
11,80,1397.6515877246857
11,101,2036.8151097297668
11,128,4007.1216001510616
12,2,4.316620349884033
12,3,6.387739181518555
12,4,10.714743614196777
12,5,15.875871181488037
12,6,15.077942609786987
12,8,25.684749603271484
12,10,30.25724482536316
12,12,60.44039011001587
12,16,61.333576917648315
12,20,123.95349335670471
12,25,164.7005593776703
12,32,270.08019399642944
12,40,397.5767614841461
12,50,581.3446459770203
12,64,984.7071397304535
12,80,1413.6031386852264
12,101,2322.6491508483887
12,128,3098.4930856227875
13,2,3.3236021995544434
13,3,4.831962823867798
13,4,6.773855447769165
13,5,10.495140075683594
13,6,12.216649532318115
13,8,21.736756086349487
13,10,28.60895037651062
13,12,32.3296217918396
13,16,92.850426197052
13,20,151.71340465545654
13,25,225.91312193870544
13,32,383.388108253479
13,40,558.4634075164795
13,50,823.2255537509918
13,64,1222.3775198459625
13,80,1660.6630053520203
13,101,2296.797683238983
13,128,3818.886752605438
14,2,3.915199041366577
14,3,6.805788516998291
14,4,8.686497449874878
14,5,11.811836004257202
14,6,16.683204174041748
14,8,25.41216492652893
14,10,27.233258962631226
14,12,41.89062762260437
14,16,68.63421726226807
14,20,121.38643407821657
14,25,187.42036771774292
14,32,274.5345416069031
14,40,441.168142080307
14,50,669.1043524742126
14,64,982.8666400909424
14,80,1449.1157422065735
14,101,2200.8093860149384
14,128,3603.5231008529663
15,2,2.894304037094116
15,3,7.657481908798218
15,4,9.072795867919922
15,5,17.891316652297974
15,6,13.573395490646362
15,8,26.968230724334717
15,10,35.398531675338745
15,12,42.36809158325195
15,16,52.818472146987915
15,20,85.37218880653381
15,25,121.71013450622559
15,32,202.47880244255066
15,40,291.4433867931366
15,50,433.9076747894287
15,64,699.0061283111572
15,80,963.6098668575287
15,101,1623.339793920517
15,128,4690.8340280056
16,2,2.919856548309326
16,3,6.668720722198486
16,4,9.652444839477539
16,5,17.01102042198181
16,6,17.23119020462036
16,8,35.346986293792725
16,10,37.118093490600586
16,12,62.29394745826721
16,16,65.93188977241516
16,20,94.39170169830322
16,25,196.60175156593323
16,32,296.8799285888672
16,40,426.6962172985077
16,50,602.9778463840485
16,64,840.6586534976959
16,80,1337.6794276237488
16,101,2112.914126634598
16,128,4031.123001813889
17,2,4.279566764831543
17,3,8.498928546905518
17,4,10.419322967529297
17,5,14.219603300094604
17,6,19.278717041015625
17,8,22.01235055923462
17,10,41.7948899269104
17,12,54.405449867248535
17,16,77.58397507667542
17,20,128.54443526268005
17,25,167.49428486824036
17,32,292.33892130851746
17,40,410.974933385849
17,50,593.2690894603729
17,64,863.4127714633942
17,80,1347.5047965049744
17,101,2137.7787148952484
17,128,2853.681504011154
18,2,3.0063235759735107
18,3,5.234080076217651
18,4,6.744321584701538
18,5,9.574836492538452
18,6,11.55445909500122
18,8,24.331840753555298
18,10,21.37220335006714
18,12,33.82003927230835
18,16,71.81302070617676
18,20,148.10192155838013
18,25,256.4736280441284
18,32,445.2265660762787
18,40,564.2485730648041
18,50,778.7612192630768
18,64,1217.3377811908722
18,80,1647.994329214096
18,101,2258.3857414722443
18,128,3582.8825528621674
19,2,2.9917705059051514
19,3,5.931437015533447
19,4,9.177389860153198
19,5,11.531451225280762
19,6,20.733951330184937
19,8,25.74755883216858
19,10,42.33306312561035
19,12,56.53440070152283
19,16,73.13614749908447
19,20,105.96741366386414
19,25,161.58054876327515
19,32,294.01351857185364
19,40,436.80202984809875
19,50,683.8087332248688
19,64,959.2080323696136
19,80,1510.555093050003
19,101,2328.546174764633
19,128,3813.503063440323
20,2,4.6292572021484375
20,3,5.341570854187012
20,4,6.970343112945557
20,5,10.41507339477539
20,6,17.83336043357849
20,8,18.733595371246338
20,10,24.011696577072144
20,12,32.63142943382263
20,16,53.75261855125427
20,20,75.73330974578857
20,25,127.92999148368837
20,32,201.41940665245056
20,40,290.3821060657501
20,50,426.16977739334106
20,64,709.5603959560394
20,80,955.4494066238403
20,101,1559.3764803409576
20,128,4763.818475961685
21,2,3.722419023513794
21,3,9.025372743606567
21,4,11.809704780578613
21,5,14.16110897064209
21,6,17.04171323776245
21,8,25.91837430000305
21,10,36.736111879348755
21,12,42.19840717315674
21,16,69.27838349342346
21,20,90.40542697906494
21,25,194.16224694252014
21,32,297.5653431415558
21,40,351.6958682537079
21,50,578.7934472560883
21,64,873.4697663784027
21,80,1270.2437222003937
21,101,2046.766092777252
21,128,3682.6599166393285
22,2,3.5093772411346436
22,3,7.158944129943848
22,4,9.698144912719727
22,5,12.725911378860474
22,6,17.018291234970093
22,8,28.79922342300415
22,10,28.97000217437744
22,12,38.31231880187988
22,16,73.00712442398071
22,20,123.25728249549867
22,25,135.91533517837524
22,32,279.6051218509674
22,40,399.46809101104736
22,50,556.4190225601196
22,64,907.760730266571
22,80,1418.5262954235077
22,101,2173.8401503562927
22,128,3176.2554614543915
23,2,2.590169668197632
23,3,6.560890436172485
23,4,6.763336896896362
23,5,9.116504430770874
23,6,14.27703857421875
23,8,19.773907899856567
23,10,25.085087776184082
23,12,32.07773685455322
23,16,69.65625953674316
23,20,146.46453189849854
23,25,271.9687023162842
23,32,375.84743762016296
23,40,544.9017088413239
23,50,818.7402265071869
23,64,1194.5073974132538
23,80,1628.5621254444122
23,101,2210.8353502750397
23,128,3582.0647461414337
24,2,3.884958267211914
24,3,6.548190593719482
24,4,11.223261594772339
24,5,11.43273663520813
24,6,14.883197546005249
24,8,30.434979915618896
24,10,45.11268949508667
24,12,40.696614265441895
24,16,86.54070019721985
24,20,97.56993222236633
24,25,160.72031927108765
24,32,243.61311531066895
24,40,374.10759806632996
24,50,609.839724779129
24,64,973.9882910251619
24,80,1515.0649585723877
24,101,2201.7069787979126
24,128,3652.4199774265285
25,2,3.0878682136535645
25,3,5.2827231884002686
25,4,7.7604780197143555
25,5,11.216938734054565
25,6,15.062090635299683
25,8,23.750391960144043
25,10,35.31066083908081
25,12,37.971659898757935
25,16,83.71183371543884
25,20,112.23613715171814
25,25,155.269526720047
25,32,197.37276434898376
25,40,293.063791513443
25,50,443.1914165019989
25,64,650.1329984664917
25,80,1052.3750562667847
25,101,1684.5394201278687
25,128,4696.5012719631195
26,2,3.9867026805877686
26,3,9.845245122909546
26,4,10.090236902236938
26,5,12.064252138137817
26,6,21.713834047317505
26,8,21.35750913619995
26,10,46.74073052406311
26,12,40.85773539543152
26,16,76.65483927726746
26,20,111.88870000839233
26,25,191.4273738861084
26,32,271.7030963897705
26,40,450.91947054862976
26,50,584.279953956604
26,64,875.4765386581421
26,80,1387.5601592063904
26,101,2247.3574595451355
26,128,3823.7585632801056
27,2,4.494379997253418
27,3,4.7484657764434814
27,4,10.269107341766357
27,5,10.540853261947632
27,6,14.212092876434326
27,8,20.922642707824707
27,10,33.4839551448822
27,12,40.551225900650024
27,16,88.37453627586365
27,20,122.94415259361267
27,25,186.63363599777222
27,32,254.1327919960022
27,40,426.4254400730133
27,50,605.413595199585
27,64,941.6808426380157
27,80,1385.8830709457397
27,101,2280.99351644516
27,128,3045.564040184021
28,2,3.012228488922119
28,3,5.45972752571106
28,4,7.350118398666382
28,5,10.716936111450195
28,6,14.769852876663208
28,8,18.94793939590454
28,10,24.326484441757202
28,12,43.51953315734863
28,16,99.08959317207336
28,20,155.46957397460938
28,25,290.43689465522766
28,32,404.4764313697815
28,40,578.5998561382294
28,50,831.1330995559692
28,64,1137.6752531528473
28,80,1613.5229661464691
28,101,2312.0620663166046
28,128,3822.491174697876
29,2,3.794419050216675
29,3,6.14005184173584
29,4,11.90161418914795
29,5,12.393652439117432
29,6,15.248931169509888
29,8,24.851240634918213
29,10,31.473581075668335
29,12,62.9716055393219
29,16,93.65980863571167
29,20,114.83144974708557
29,25,177.3177134990692
29,32,305.6356556415558
29,40,384.0093984603882
29,50,549.4606158733368
29,64,911.7969648838043
29,80,1229.6060814857483
29,101,2279.4400293827057
29,128,3944.4170002937317
30,2,3.6115682125091553
30,3,6.537177562713623
30,4,8.670430898666382
30,5,11.856603384017944
30,6,21.876659631729126
30,8,20.404953956604004
30,10,30.721609354019165
30,12,37.640645027160645
30,16,65.51634955406189
30,20,90.06353688240051
30,25,127.43811440467834
30,32,200.78748488426208
30,40,281.4178078174591
30,50,452.13054728507996
30,64,731.5033338069916
30,80,1034.846787929535
30,101,1497.647076368332
30,128,5089.221284151077
31,2,4.467055797576904
31,3,7.659809112548828
31,4,11.454168319702148
31,5,13.357359409332275
31,6,17.16893243789673
31,8,27.412943363189697
31,10,36.45304989814758
31,12,50.55998706817627
31,16,74.17975401878357
31,20,108.71229767799377
31,25,185.96147871017456
31,32,277.1592047214508
31,40,406.32659220695496
31,50,649.0760962963104
31,64,916.9910681247711
31,80,1365.5456681251526
31,101,2094.676467180252
31,128,4115.695410490036
32,2,4.1493072509765625
32,3,6.6149842739105225
32,4,7.989670753479004
32,5,16.530654191970825
32,6,27.548131704330444
32,8,31.952108144760132
32,10,33.33454203605652
32,12,49.511378049850464
32,16,62.8011543750763
32,20,108.62000775337219
32,25,202.26096415519714
32,32,296.0983645915985
32,40,396.2320222854614
32,50,576.2104895114899
32,64,947.2785172462463
32,80,1445.3248479366302
32,101,2154.770009279251
32,128,2885.114107608795
33,2,2.899785041809082
33,3,4.544817686080933
33,4,6.594720840454102
33,5,9.686506986618042
33,6,15.653871297836304
33,8,17.972338438034058
33,10,24.302470684051514
33,12,43.38455772399902
33,16,63.235360622406
33,20,140.62293028831482
33,25,224.8353133201599
33,32,421.82189440727234
33,40,569.7242224216461
33,50,844.3984253406525
33,64,1163.6728661060333
33,80,1554.3482174873352
33,101,2182.740094900131
33,128,3901.6596462726593
34,2,4.118265151977539
34,3,7.446410179138184
34,4,9.311237096786499
34,5,11.609445095062256
34,6,14.57151746749878
34,8,22.58648443222046
34,10,30.430880546569824
34,12,53.19982576370239
34,16,72.07453608512878
34,20,112.88204550743103
34,25,164.42337846755981
34,32,257.15573930740356
34,40,461.7062203884125
34,50,552.6126115322113
34,64,909.1134519577026
34,80,1250.1417582035065
34,101,2303.3831131458282
34,128,3759.6989238262177
35,2,3.724621295928955
35,3,7.252701997756958
35,4,9.373615980148315
35,5,12.21518874168396
35,6,13.521986484527588
35,8,21.814090728759766
35,10,31.34406280517578
35,12,47.93710899353027
35,16,71.55470204353333
35,20,108.60211420059204
35,25,146.20160126686096
35,32,211.18457508087158
35,40,293.9020845890045
35,50,420.1071105003357
35,64,665.196409702301
35,80,965.5351059436798
35,101,1523.6914739608765
35,128,2749.882006883621
36,2,5.771214008331299
36,3,7.807259798049927
36,4,10.963812828063965
36,5,15.721046924591064
36,6,20.670572757720947
36,8,30.119105577468872
36,10,42.27263951301575
36,12,79.48335075378418
36,16,121.58243489265442
36,20,189.92829418182373
36,25,259.7286047935486
36,32,428.58757853507996
36,40,574.107296705246
36,50,762.4937703609467
36,64,1226.4214160442352
36,80,1558.2824075222015
36,101,2237.3862855434418
36,128,3863.495237588882
37,2,5.048468351364136
37,3,7.841214179992676
37,4,12.136452436447144
37,5,14.056030511856079
37,6,16.15684723854065
37,8,23.01413655281067
37,10,33.082762002944946
37,12,37.224106788635254
37,16,67.22417044639587
37,20,103.29831218719482
37,25,187.1496102809906
37,32,256.55101585388184
37,40,399.54595613479614
37,50,667.7714922428131
37,64,874.1663906574249
37,80,1439.5340342521667
37,101,2319.8853974342346
37,128,3861.2918839454646
38,2,3.401468276977539
38,3,4.639759063720703
38,4,6.725092887878418
38,5,10.532504081726074
38,6,12.539707660675049
38,8,16.42626714706421
38,10,33.66839265823364
38,12,41.33923125267029
38,16,48.43541479110718
38,20,144.01868891716003
38,25,235.66101813316345
38,32,426.02960324287415
38,40,553.9250123500824
38,50,803.9727647304535
38,64,1199.8614897727966
38,80,1520.32066488266
38,101,2290.9773077964783
38,128,3628.9421417713165
39,2,4.124594211578369
39,3,6.0670671463012695
39,4,11.91618275642395
39,5,10.052012920379639
39,6,21.646772861480713
39,8,28.480791091918945
39,10,34.63166809082031
39,12,33.205039262771606
39,16,71.35261559486389
39,20,85.65163469314575
39,25,152.57664823532104
39,32,248.96329665184024
39,40,431.10628724098206
39,50,638.5025672912598
39,64,986.5614607334137
39,80,1517.7646791934967
39,101,2185.431256532669
39,128,3834.359788894653
40,2,5.818413972854614
40,3,7.409899950027466
40,4,11.516759157180786
40,5,20.739104509353638
40,6,22.82506489753723
40,8,21.93722176551819
40,10,31.35100531578064
40,12,36.567023277282715
40,16,52.26283812522888
40,20,115.51594614982605
40,25,151.89770317077637
40,32,193.7203130722046
40,40,284.2236475944519
40,50,414.807585477829
40,64,676.3669435977936
40,80,971.2344667911531
40,101,1652.8095304965973
40,128,2768.008791446686
41,2,4.99405312538147
41,3,8.587831497192383
41,4,12.868716955184937
41,5,16.04788637161255
41,6,14.907980918884277
41,8,28.402979612350464
41,10,49.4992892742157
41,12,54.043556928634644
41,16,120.3711700439453
41,20,146.04248762130737
41,25,242.57318758964541
41,32,401.9488682746887
41,40,536.7743837833405
41,50,793.9385104179382
41,64,1227.2853405475616
41,80,1449.281585931778
41,101,2204.251621246338
41,128,3760.935158967972
42,2,3.3099822998046875
42,3,7.449784755706787
42,4,8.268900632858276
42,5,9.893493413925171
42,6,16.180607080459595
42,8,23.14016842842102
42,10,38.41880464553833
42,12,34.37706661224365
42,16,74.12182760238647
42,20,93.42821717262268
42,25,162.80006194114685
42,32,309.17016792297363
42,40,397.89025712013245
42,50,658.0878987312317
42,64,900.1460857391357
42,80,1220.9269804954529
42,101,2220.2046031951904
42,128,3961.495485544205
43,2,3.8058664798736572
43,3,9.168965339660645
43,4,9.272472858428955
43,5,12.10543155670166
43,6,17.373050451278687
43,8,22.833643913269043
43,10,32.71631145477295
43,12,49.753713607788086
43,16,61.04321646690368
43,20,144.79960942268372
43,25,186.89183139801025
43,32,433.78864884376526
43,40,585.8036348819733
43,50,828.4858057498932
43,64,1198.9072096347809
43,80,1650.1151299476624
43,101,2299.0746142864227
43,128,3808.972472667694
44,2,3.607823133468628
44,3,8.271525621414185
44,4,9.389797449111938
44,5,12.027583837509155
44,6,16.68734645843506
44,8,22.629847049713135
44,10,31.033327102661133
44,12,46.20953392982483
44,16,53.04239845275879
44,20,84.71652960777283
44,25,193.39071822166443
44,32,306.278915643692
44,40,480.1242082118988
44,50,702.9526584148407
44,64,929.9062778949738
44,80,1247.2628319263458
44,101,2270.1688883304596
44,128,3921.2895925045013
45,2,5.217936992645264
45,3,7.2450644969940186
45,4,11.303563356399536
45,5,15.074189186096191
45,6,12.006712913513184
45,8,20.114356517791748
45,10,36.449530363082886
45,12,32.206239461898804
45,16,52.33965444564819
45,20,90.81331872940063
45,25,129.5666470527649
45,32,199.51716327667236
45,40,286.887788772583
45,50,412.02919149398804
45,64,726.8505327701569
45,80,956.6991696357727
45,101,1486.7791495323181
45,128,2537.572369813919
46,2,4.179502964019775
46,3,7.793302059173584
46,4,12.488293409347534
46,5,23.562336206436157
46,6,19.431499481201172
46,8,28.54349160194397
46,10,45.12799119949341
46,12,48.8622088432312
46,16,108.48501014709473
46,20,147.7089023590088
46,25,191.0203504562378
46,32,408.3170762062073
46,40,562.5196025371552
46,50,766.0009903907776
46,64,1140.353206396103
46,80,1603.32821559906
46,101,2219.219497680664
46,128,3723.0725207328796
47,2,3.597067356109619
47,3,6.959158897399902
47,4,9.897705316543579
47,5,12.922503232955933
47,6,18.40384864807129
47,8,22.33302402496338
47,10,29.822648763656616
47,12,51.916815519332886
47,16,58.03475618362427
47,20,110.43610048294067
47,25,193.59400343894958
47,32,309.57894372940063
47,40,466.9208540916443
47,50,720.2806146144867
47,64,966.3172950744629
47,80,1241.852903842926
47,101,2221.444888830185
47,128,3928.653861045837
48,2,3.426712989807129
48,3,6.446348667144775
48,4,11.603904962539673
48,5,9.69340968132019
48,6,11.911542892456055
48,8,18.18942403793335
48,10,25.37958526611328
48,12,33.16693949699402
48,16,50.12824249267578
48,20,170.45837593078613
48,25,185.76509475708008
48,32,416.02484464645386
48,40,568.5300967693329
48,50,771.58749127388
48,64,1117.8499722480774
48,80,1716.8341345787048
48,101,2250.61656498909
48,128,3879.1783690452576
49,2,4.52361273765564
49,3,5.937861680984497
49,4,11.103577375411987
49,5,12.006300687789917
49,6,16.893378973007202
49,8,23.43558144569397
49,10,30.230366706848145
49,12,37.81586027145386
49,16,59.55684423446655
49,20,119.20229077339172
49,25,170.76097178459167
49,32,323.73574328422546
49,40,396.94067788124084
49,50,555.5620996952057
49,64,950.1107475757599
49,80,1238.82843708992
49,101,2201.554718017578
49,128,4004.945468187332
50,2,4.616363286972046
50,3,8.259283542633057
50,4,8.772772789001465
50,5,17.371837377548218
50,6,20.690134525299072
50,8,23.664088249206543
50,10,44.16701674461365
50,12,50.340102434158325
50,16,67.91149568557739
50,20,85.92398953437805
50,25,133.58233547210693
50,32,190.00741600990295
50,40,303.71334290504456
50,50,452.3226201534271
50,64,677.1385691165924
50,80,996.7831130027771
50,101,1649.70215010643
50,128,2580.0498008728027
51,2,5.869424104690552
51,3,7.774016380310059
51,4,10.658416032791138
51,5,17.76303267478943
51,6,19.138806343078613
51,8,27.2919659614563
51,10,38.950101375579834
51,12,61.95198488235474
51,16,87.82978892326355
51,20,185.87726521492004
51,25,277.1074414253235
51,32,375.69658946990967
51,40,540.838231086731
51,50,798.7549805641174
51,64,1246.5303332805634
51,80,1483.5055739879608
51,101,2179.270077943802
51,128,3674.1358354091644
52,2,5.154798984527588
52,3,6.342729568481445
52,4,8.174193143844604
52,5,12.82561469078064
52,6,16.254754543304443
52,8,19.64882802963257
52,10,35.39802813529968
52,12,54.25765895843506
52,16,76.14603161811829
52,20,117.03375887870789
52,25,194.59681963920593
52,32,246.64955782890323
52,40,382.5137002468109
52,50,705.8441956043243
52,64,895.0321223735809
52,80,1258.0880496501923
52,101,2294.440741300583
52,128,3854.4834535121918
53,2,4.516315937042236
53,3,6.5361480712890625
53,4,9.282485485076904
53,5,11.490510702133179
53,6,18.096598386764526
53,8,20.82118010520935
53,10,27.360366106033325
53,12,33.883256673812866
53,16,62.38209581375122
53,20,147.7224895954132
53,25,225.69253158569336
53,32,402.4694333076477
53,40,573.2094874382019
53,50,759.5613851547241
53,64,1173.4188694953918
53,80,1640.39519739151
53,101,2400.681429862976
53,128,3638.8982858657837
54,2,4.369769334793091
54,3,6.246075630187988
54,4,8.299718856811523
54,5,15.475508689880371
54,6,15.658432006835938
54,8,23.631070137023926
54,10,40.16425538063049
54,12,42.45798397064209
54,16,55.70382833480835
54,20,125.461900472641
54,25,119.17674136161804
54,32,282.0813317298889
54,40,404.22452688217163
54,50,568.1656301021576
54,64,852.963968038559
54,80,1258.382307767868
54,101,2173.992500782013
54,128,3860.635416269303
55,2,5.228857517242432
55,3,6.248922348022461
55,4,9.08802843093872
55,5,13.017790794372559
55,6,14.451377868652344
55,8,17.834163904190063
55,10,36.831265926361084
55,12,36.96602702140808
55,16,87.86884188652039
55,20,101.97806310653687
55,25,158.75909113883972
55,32,213.94881749153137
55,40,303.29163575172424
55,50,438.2154335975647
55,64,626.404618024826
55,80,1099.698269367218
55,101,1439.1246874332428
55,128,2650.5182740688324
56,2,4.846816778182983
56,3,7.267455101013184
56,4,11.390837669372559
56,5,13.410866022109985
56,6,18.560206174850464
56,8,31.516185998916626
56,10,38.216956615448
56,12,51.67727828025818
56,16,104.72886776924133
56,20,152.93897700309753
56,25,239.2570023536682
56,32,404.937695980072
56,40,530.9713308811188
56,50,760.3597569465637
56,64,1215.5211226940155
56,80,1616.959645986557
56,101,2187.813666343689
56,128,3765.664075613022
57,2,3.002032518386841
57,3,6.335491895675659
57,4,10.298581600189209
57,5,11.81061577796936
57,6,12.851786136627197
57,8,22.873579502105713
57,10,31.75968289375305
57,12,54.620532274246216
57,16,57.80466389656067
57,20,119.0149142742157
57,25,183.77124691009521
57,32,268.6484971046448
57,40,490.0010471343994
57,50,481.29034376144415
57,64,910.7674777507782
57,80,1223.0191850662231
57,101,2149.9849791526794
57,128,3694.794696807862
58,2,4.609215974807739
58,3,6.056065797805786
58,4,6.446052074432373
58,5,11.536968469619751
58,6,14.521777868270874
58,8,20.494391202926636
58,10,30.36764359474182
58,12,41.43876051902771
58,16,56.85936951637268
58,20,139.03362607955933
58,25,199.621887922287
58,32,345.1029336452484
58,40,549.9093403816223
58,50,794.2197253704071
58,64,1212.552433013916
58,80,1608.5260753631592
58,101,2276.7356662750244
58,128,3958.44766998291
59,2,2.710029125213623
59,3,5.772156476974487
59,4,10.975306034088135
59,5,12.005466222763062
59,6,15.721243381500244
59,8,29.932453155517578
59,10,28.414279460906982
59,12,54.624472856521606
59,16,69.68322801589966
59,20,106.76256656646729
59,25,185.54658269882202
59,32,306.2216296195984
59,40,473.9635066986084
59,50,691.4183597564697
59,64,889.3825724124908
59,80,1437.9880948066711
59,101,2358.784969806671
59,128,3565.5158762931824
60,2,4.011617183685303
60,3,6.670814514160156
60,4,9.024328470230103
60,5,11.093409776687622
60,6,15.403219938278198
60,8,26.323630571365356
60,10,25.971511125564575
60,12,38.718679428100586
60,16,72.21239256858826
60,20,94.51437497138977
60,25,136.00634121894836
60,32,198.3502652645111
60,40,296.76302552223206
60,50,448.8766071796417
60,64,756.9281153678894
60,80,1034.0099420547485
60,101,1705.871657371521
60,128,2640.999379634857
61,2,5.538867712020874
61,3,8.936268329620361
61,4,10.502940893173218
61,5,17.358176231384277
61,6,17.212512731552124
61,8,38.164278507232666
61,10,45.355345487594604
61,12,64.01346111297607
61,16,82.95869469642639
61,20,147.26710200309753
61,25,231.17927646636963
61,32,386.8733694553375
61,40,560.2998766899109
61,50,754.7621397972107
61,64,1168.377777338028
61,80,1486.7202479839325
61,101,2262.925542831421
61,128,3582.9138758182526
62,2,4.017327308654785
62,3,6.56668758392334
62,4,8.89534878730774
62,5,9.816694974899292
62,6,14.76450228691101
62,8,27.736223936080933
62,10,29.125402212142944
62,12,41.214290380477905
62,16,77.96081566810608
62,20,84.58752489089966
62,25,177.97181248664856
62,32,264.0036895275116
62,40,385.9997527599335
62,50,579.138299703598
62,64,834.3502645492554
62,80,1514.3226795196533
62,101,2200.436064004898
62,128,3944.462318897247
63,2,4.858053207397461
63,3,7.870450019836426
63,4,9.497804164886475
63,5,12.403446435928345
63,6,20.827719926834106
63,8,27.794929265975952
63,10,30.49778914451599
63,12,47.11485815048218
63,16,67.94610047340393
63,20,130.41101384162903
63,25,233.22959446907043
63,32,346.6802339553833
63,40,558.9259207248688
63,50,821.6953196525574
63,64,1147.372419834137
63,80,1534.3864181041718
63,101,2205.7072060108185
63,128,3783.4806954860687
64,2,4.536686658859253
64,3,7.496720314025879
64,4,11.756463527679443
64,5,14.082697629928589
64,6,18.695223331451416
64,8,21.523524284362793
64,10,32.916043281555176
64,12,36.113849401474
64,16,70.16855359077454
64,20,102.96949625015259
64,25,152.4214572906494
64,32,256.34743905067444
64,40,384.40853786468506
64,50,662.1735255718231
64,64,984.8068587779998
64,80,1226.9755425453186
64,101,2146.3010663986206
64,128,3712.223912000656
65,2,3.721035957336426
65,3,7.315091848373413
65,4,11.316665172576904
65,5,11.826462268829346
65,6,23.071720361709595
65,8,25.81109070777893
65,10,31.88195562362671
65,12,46.510048389434814
65,16,55.846171855926514
65,20,92.97809624671936
65,25,170.92073488235474
65,32,252.70108652114868
65,40,338.59879064559937
65,50,428.50814723968506
65,64,739.2645916938782
65,80,1085.2668905258179
65,101,1668.435487985611
65,128,2696.7986648082733
66,2,4.764129877090454
66,3,7.270585298538208
66,4,11.547991037368774
66,5,19.866458415985107
66,6,22.19522976875305
66,8,28.388766765594482
66,10,41.680809020996094
66,12,50.05720782279968
66,16,92.46388411521912
66,20,134.25984907150269
66,25,270.85850048065186
66,32,390.4632890224457
66,40,517.1043708324432
66,50,768.0842370986938
66,64,1144.0807251930237
66,80,1570.2507269382477
66,101,2221.8159823417664
66,128,3573.3950629234314
67,2,4.231671333312988
67,3,5.271547079086304
67,4,8.18574857711792
67,5,14.33222508430481
67,6,15.866277694702148
67,8,25.236528635025024
67,10,27.69560742378235
67,12,34.52944207191467
67,16,72.52918243408203
67,20,105.33089399337769
67,25,190.8064260482788
67,32,269.48987793922424
67,40,413.56831455230713
67,50,667.3967528343201
67,64,979.0333971977235
67,80,1515.410703420639
67,101,2187.0691306591034
67,128,3838.7148575782776
68,2,4.508238315582275
68,3,7.037545919418335
68,4,9.279771566390991
68,5,10.898865222930908
68,6,15.162024736404419
68,8,22.216651678085327
68,10,36.20383810997009
68,12,42.782920360565186
68,16,73.2240059375763
68,20,165.12788701057434
68,25,238.08455777168274
68,32,399.1193106174469
68,40,600.0360949039459
68,50,822.8392069339752
68,64,1175.1574165821075
68,80,1700.8616168498993
68,101,2198.595443248749
68,128,3553.9443774223328
69,2,4.013498067855835
69,3,7.580997467041016
69,4,10.446689367294312
69,5,9.99924635887146
69,6,17.58780026435852
69,8,31.99106001853943
69,10,31.12506103515625
69,12,38.662030935287476
69,16,63.12488842010498
69,20,108.41257524490356
69,25,163.86343836784363
69,32,270.29713892936707
69,40,444.5268702507019
69,50,554.44580245018
69,64,1001.1878602504729
69,80,1237.2818970680237
69,101,2227.655573129654
69,128,3729.3395807743073
70,2,4.1760313510894775
70,3,7.372167587280273
70,4,10.515393495559692
70,5,13.624778509140015
70,6,13.629151582717896
70,8,22.04848885536194
70,10,47.14759707450867
70,12,44.36601686477661
70,16,69.4534342288971
70,20,87.04890751838684
70,25,143.0514211654663
70,32,242.57355761528012
70,40,293.63899660110474
70,50,426.8574194908142
70,64,695.0350658893585
70,80,1062.5966382026672
70,101,1647.5990436077118
70,128,2756.9511506557465
71,2,3.626702308654785
71,3,10.80756163597107
71,4,11.489920616149902
71,5,22.29958748817444
71,6,19.31996250152588
71,8,27.282402515411377
71,10,50.573357582092285
71,12,48.32872676849365
71,16,110.6712327003479
71,20,118.2987174987793
71,25,262.46792435646057
71,32,403.9846408367157
71,40,517.2813875675201
71,50,771.1616523265839
71,64,1126.8546249866486
71,80,1508.282576084137
71,101,2336.422473669052
71,128,3750.1746468544
72,2,3.7956573963165283
72,3,6.0524773597717285
72,4,11.19319224357605
72,5,14.641182899475098
72,6,15.168591737747192
72,8,27.340389013290405
72,10,31.871989011764526
72,12,40.568939447402954
72,16,82.49428510665894
72,20,125.69181895256041
72,25,148.88895273208618
72,32,326.1705722808838
72,40,466.086359500885
72,50,511.75945353507996
72,64,903.6389257907867
72,80,1492.642261981964
72,101,2186.7743418216705
72,128,3943.103612661362
73,2,3.815211534500122
73,3,6.146076679229736
73,4,9.376660585403442
73,5,12.52915644645691
73,6,28.104682683944702
73,8,18.988046407699585
73,10,26.3013596534729
73,12,33.23443865776062
73,16,62.840405225753784
73,20,82.79487371444702
73,25,197.40135598182678
73,32,332.8568158149719
73,40,528.6803221702576
73,50,826.6959249973297
73,64,1273.7370204925537
73,80,1684.2119760513306
73,101,2334.430679798126
73,128,3801.9056422710423
74,2,3.220010995864868
74,3,6.518465518951416
74,4,10.508109092712402
74,5,13.688181400299072
74,6,15.060933351516724
74,8,29.463714361190796
74,10,36.502129793167114
74,12,38.53277850151062
74,16,67.8557198047638
74,20,86.8989622592926
74,25,179.62026023864746
74,32,263.26535820961
74,40,388.705757856369
74,50,551.8828918933868
74,64,871.0251853466034
74,80,1537.212280035019
74,101,2224.060625553131
74,128,3990.173698663712
75,2,4.733517408370972
75,3,8.172754049301147
75,4,8.88930082321167
75,5,14.855039358139038
75,6,13.575766324996948
75,8,22.588834524154663
75,10,42.62958097457886
75,12,45.25797200202942
75,16,71.69265508651733
75,20,98.74729633331299
75,25,138.76326179504395
75,32,208.46562361717224
75,40,286.8577539920807
75,50,419.8925290107727
75,64,673.9164371490479
75,80,971.8205418586731
75,101,1715.2925839424133
75,128,2645.335779428482
76,2,2.5055694580078125
76,3,8.448806047439575
76,4,12.16568922996521
76,5,19.584418773651123
76,6,19.662302017211914
76,8,25.6116201877594
76,10,55.74675393104553
76,12,61.54782581329345
76,16,74.00805330276489
76,20,160.66076588630676
76,25,224.65883207321167
76,32,407.7188718318939
76,40,573.5582702159882
76,50,795.4284987449646
76,64,1236.1994321346283
76,80,1440.6335306167603
76,101,2149.8439514636993
76,128,3691.539354801178
77,2,4.832359313964844
77,3,6.597881317138672
77,4,7.471283197402954
77,5,12.471092700958252
77,6,18.52846884727478
77,8,20.60334014892578
77,10,42.28235363960266
77,12,38.04342341423035
77,16,61.35717773437499
77,20,116.00979399681091
77,25,129.78836941719055
77,32,265.05023312568665
77,40,461.40897488594055
77,50,545.4244163036346
77,64,893.4573502540588
77,80,1449.2052116394043
77,101,2210.6970489025116
77,128,3625.25906252861
78,2,3.836743116378784
78,3,5.745450735092163
78,4,7.276742935180664
78,5,14.022403001785278
78,6,18.378492832183838
78,8,20.23682451248169
78,10,35.376442193984985
78,12,35.27586126327515
78,16,84.82210063934326
78,20,122.63488364219666
78,25,206.19434428215027
78,32,405.52000093460083
78,40,571.2262644767761
78,50,790.1627283096313
78,64,1174.7355196475983
78,80,1559.3694059848785
78,101,2253.837809085846
78,128,3658.690343379974
79,2,3.2042994499206543
79,3,8.001548051834106
79,4,14.97168755531311
79,5,17.80386734008789
79,6,19.034108877182007
79,8,19.559887647628784
79,10,40.29895496368408
79,12,50.349130630493164
79,16,51.76272773742676
79,20,115.09511232376099
79,25,141.40707898139954
79,32,239.5429971218109
79,40,371.38506627082825
79,50,654.2011916637421
79,64,1072.17604970932
79,80,1498.0968754291534
79,101,2189.7385025024414
79,128,5395.70308637619
80,2,3.720052480697632
80,3,4.945083379745483
80,4,7.571104049682617
80,5,8.978957176208496
80,6,11.501953601837158
80,8,15.495678901672363
80,10,21.649824380874634
80,12,29.862231731414795
80,16,64.25748920440674
80,20,97.48429012298584
80,25,136.58172869682312
80,32,182.63203382492065
80,40,264.1926324367523
80,50,436.39974331855774
80,64,708.0229196548462
80,80,958.6019337177277
80,101,1516.4305028915405
80,128,2711.8349714279175
81,2,2.605780839920044
81,3,8.90826678276062
81,4,12.78428864479065
81,5,23.290422677993774
81,6,17.728689670562744
81,8,32.73958659172058
81,10,37.619664430618286
81,12,68.88691186904907
81,16,84.74121427536011
81,20,189.80699181556702
81,25,235.31121397018433
81,32,381.18468046188354
81,40,549.1293618679047
81,50,834.658891916275
81,64,1227.5895166397095
81,80,1585.5572922229767
81,101,2186.9121119976044
81,128,3600.152345895767
82,2,2.894326686859131
82,3,7.659575700759888
82,4,11.205148696899414
82,5,12.562305688858032
82,6,13.614162921905518
82,8,22.51761507987976
82,10,35.41505169868469
82,12,37.41523337364197
82,16,70.70852541923523
82,20,125.14636468887329
82,25,160.06768369674683
82,32,305.3692078590393
82,40,446.9940757751465
82,50,544.3162658214569
82,64,913.6515200138092
82,80,1496.2568550109863
82,101,2254.8078694343567
82,128,3695.075512647629
83,2,4.116043567657471
83,3,8.16858458518982
83,4,10.501389026641846
83,5,10.61357855796814
83,6,14.653845071792603
83,8,21.537925958633423
83,10,36.3300096988678
83,12,33.17940282821655
83,16,69.95232033729553
83,20,96.5008237361908
83,25,217.17130303382874
83,32,413.2468400001526
83,40,552.0764937400818
83,50,810.5351941585541
83,64,1219.4802992343903
83,80,1662.6214945316315
83,101,2263.3553879261017
83,128,3639.161500930786
84,2,3.575299024581909
84,3,7.18289589881897
84,4,9.80555248260498
84,5,13.228010892868042
84,6,14.050916194915771
84,8,28.657862663269043
84,10,31.344895601272583
84,12,45.09565567970276
84,16,88.30840015411377
84,20,94.20135736465454
84,25,155.01985049247742
84,32,257.89131236076355
84,40,409.64008259773254
84,50,636.9798958301544
84,64,1008.3269684314728
84,80,1526.51536154747
84,101,2314.3294064998627
84,128,3870.816600799561
85,2,4.522401809692383
85,3,5.925029277801514
85,4,9.681310176849365
85,5,15.75093412399292
85,6,12.294589757919312
85,8,23.058818578720093
85,10,33.967792987823486
85,12,55.942200660705566
85,16,63.6059730052948
85,20,101.7928946018219
85,25,136.74046659469604
85,32,193.2842297554016
85,40,293.7912001609802
85,50,419.93811893463135
85,64,654.4540567398071
85,80,1021.005110502243
85,101,1641.678823709488
85,128,2531.241021156311
86,2,2.9004173278808594
86,3,8.577755689620972
86,4,11.337775468826294
86,5,16.73203682899475
86,6,22.06918430328369
86,8,29.413445711135864
86,10,37.715598821640015
86,12,66.8811583518982
86,16,114.53687453269958
86,20,199.88798117637634
86,25,281.95118618011475
86,32,372.9180955886841
86,40,564.0517601966858
86,50,808.8701193332672
86,64,1192.9367640018463
86,80,1550.639041185379
86,101,2119.1022021770477
86,128,3845.770090579987
87,2,4.442473888397217
87,3,7.356818914413452
87,4,10.40996789932251
87,5,14.951586961746216
87,6,13.72681736946106
87,8,20.93370509147644
87,10,41.79663944244385
87,12,55.87775182723999
87,16,97.70149993896484
87,20,79.79907536506653
87,25,210.639244556427
87,32,330.9373197555542
87,40,429.79337334632874
87,50,672.6069223880768
87,64,1004.3957290649415
87,80,1390.5167644023895
87,101,2282.281021595001
87,128,3782.995906829834
88,2,2.6130549907684326
88,3,4.734590768814087
88,4,7.863812446594238
88,5,9.788740634918213
88,6,16.14244556427002
88,8,18.809996366500854
88,10,25.00340175628662
88,12,34.42637014389038
88,16,46.358243465423584
88,20,87.10330128669739
88,25,220.34236001968384
88,32,341.7460014820099
88,40,558.5138771533966
88,50,815.7379319667816
88,64,1146.1352684497833
88,80,1728.0968434810638
88,101,2270.7815837860107
88,128,3806.3019692897797
89,2,3.400933027267456
89,3,6.9748430252075195
89,4,10.741411447525024
89,5,13.08290147781372
89,6,12.620730638504028
89,8,21.161061763763428
89,10,25.190622568130493
89,12,44.92263436317444
89,16,72.91117763519287
89,20,100.72570013999939
89,25,164.110121011734
89,32,282.9192352294922
89,40,453.34211468696594
89,50,657.7893767356873
89,64,917.4839010238647
89,80,1203.8906812667847
89,101,2457.612366914749
89,128,3944.2374160289764
90,2,4.555646181106567
90,3,7.86103630065918
90,4,8.585927724838257
90,5,9.57040286064148
90,6,14.758500814437866
90,8,24.776392221450806
90,10,38.55964255332947
90,12,46.09838151931763
90,16,81.29777359962463
90,20,83.06705331802368
90,25,140.44265270233154
90,32,210.94327473640442
90,40,292.43486738204956
90,50,422.87578678131104
90,64,665.5469975471497
90,80,948.7564783096313
90,101,1522.7349095344543
90,128,2602.085381269455
91,2,2.545433759689331
91,3,7.783878326416016
91,4,11.956584692001343
91,5,17.128140449523926
91,6,19.763347387313843
91,8,28.166770935058594
91,10,39.423901081085205
91,12,51.30222249031067
91,16,87.7996072769165
91,20,146.82657384872437
91,25,224.5178883075714
91,32,386.5063228607178
91,40,572.77889752388
91,50,746.7580711841583
91,64,1138.5564904212952
91,80,1562.5147061347961
91,101,2210.8821637630463
91,128,3800.2774407863617
92,2,4.176642179489136
92,3,7.047915935516357
92,4,14.157849788665771
92,5,12.007811307907104
92,6,16.67308735847473
92,8,22.34585452079773
92,10,36.21980309486389
92,12,38.34982252120972
92,16,74.80506587028503
92,20,113.14805150032043
92,25,130.11472725868225
92,32,256.34673285484314
92,40,411.78724932670593
92,50,542.9529755115509
92,64,939.4158179759979
92,80,1484.1635673046112
92,101,2284.679836034775
92,128,3862.127515077591
93,2,6.237030029296875
93,3,6.559344530105591
93,4,9.485137701034546
93,5,9.08967113494873
93,6,13.639992475509644
93,8,23.43477439880371
93,10,30.14278483390808
93,12,41.602081298828125
93,16,67.86630940437317
93,20,69.32747411727905
93,25,226.06111526489258
93,32,351.44247555732727
93,40,543.9420750141144
93,50,865.2092154026031
93,64,1237.4248445034027
93,80,1674.7387700080872
93,101,2219.1820907592773
93,128,3634.020493268966
94,2,4.125081539154053
94,3,6.165162086486816
94,4,9.803073167800903
94,5,11.430003643035889
94,6,17.79141092300415
94,8,21.137629508972168
94,10,28.558552265167236
94,12,33.07297229766846
94,16,64.96204829216003
94,20,84.43437957763672
94,25,160.91021037101746
94,32,231.42497515678406
94,40,397.16944551467896
94,50,573.9986143112183
94,64,922.7732908725739
94,80,1257.2957689762115
94,101,2160.789566040039
94,128,3656.9106695652004
95,2,4.43699836730957
95,3,6.862380504608154
95,4,11.398681879043579
95,5,14.96985673904419
95,6,15.40574336051941
95,8,23.979464292526245
95,10,36.87286996841431
95,12,46.37784767150879
95,16,86.56396675109863
95,20,109.32484698295593
95,25,160.95229268074036
95,32,228.38031029701233
95,40,336.4322175979614
95,50,467.7764539718628
95,64,670.4481899738312
95,80,1095.8744246959686
95,101,1682.546561717987
95,128,2728.816344976425
96,2,3.0090086460113525
96,3,8.297346353530884
96,4,12.307835578918457
96,5,15.916608810424805
96,6,19.174747228622437
96,8,28.56130075454712
96,10,38.11554193496704
96,12,53.211416482925415
96,16,112.13643717765808
96,20,152.37148523330688
96,25,287.5474908351898
96,32,294.1152603626251
96,40,550.1500904560089
96,50,775.7037863731384
96,64,1151.610071182251
96,80,1497.4065396785736
96,101,2245.7272324562073
96,128,3776.990251779556
97,2,3.61419939994812
97,3,6.036506414413452
97,4,10.196445226669312
97,5,12.634132623672485
97,6,15.656062841415405
97,8,26.588273763656616
97,10,35.61073398590088
97,12,41.046372413635254
97,16,58.588603019714355
97,20,115.94626927375793
97,25,185.30791997909546
97,32,306.9492678642273
97,40,371.62949299812317
97,50,534.4389991760254
97,64,982.375467300415
97,80,1280.1616938114166
97,101,2187.8918874263763
97,128,3658.594467163086
98,2,3.914872169494629
98,3,8.825043201446533
98,4,12.211118459701538
98,5,13.640745878219604
98,6,18.5217707157135
98,8,28.386546850204468
98,10,43.70844340324402
98,12,43.56082367897034
98,16,80.40874028205872
98,20,135.20643782615662
98,25,224.0532467365265
98,32,428.6942880153656
98,40,567.4621303081512
98,50,764.9807848930359
98,64,1238.6436622142792
98,80,1517.3807163238525
98,101,2230.625648498535
98,128,3748.5644657611847
99,2,3.7686049938201904
99,3,5.666012287139893
99,4,8.123219728469849
99,5,12.3387610912323
99,6,13.777892351150513
99,8,21.41831636428833
99,10,27.765814781188965
99,12,38.12350130081177
99,16,77.42179822921753
99,20,66.53284168243408
99,25,151.66476225852966
99,32,266.932576417923
99,40,395.5710587501526
99,50,576.2726204395294
99,64,993.2141654491425
99,80,1549.4386057853699
99,101,2150.171285390854
99,128,3811.8828864097595
100,2,4.230368375778198
100,3,7.072299957275391
100,4,8.264203310012817
100,5,9.279977560043335
100,6,13.728107690811157
100,8,34.070388078689575
100,10,30.408998012542725
100,12,47.29831004142761
100,16,53.289560317993164
100,20,101.42384099960327
100,25,175.38318753242493
100,32,226.42137050628662
100,40,296.2526457309723
100,50,420.55169010162354
100,64,694.4310338497162
100,80,984.9759826660156
100,101,1545.8342230319977
100,128,2572.505312204361
